暫編地號,原地號,所屬街廓,重劃前區段,a 面積(㎡),街廓面積(㎡),正面長度(m),平均深度(m),A 地價比,l₂ 正面尺度,l₁ 側面尺度,街角地,第1筆街角,街角側別,F(m),W(m),Rw(%),S(m),幾何面積(㎡),G(㎡),累積S(m),推進側別,解法,迭代次數,是否收斂,負擔比率,宗地寬度(m),畸零地旗標,驗_A幾何,驗_A_W,驗_A_D,驗_A_命中角,驗_A_理由,驗_B藍影,驗_B_G,驗_B_藍影面積,驗_B_Δ,驗_B_臨正街,驗_B_臨屁股,驗_C面積,驗_C_G,驗_C_e,驗_C_街角範圍面積,驗_C_門檻,驗_C_Δ,驗_總判,驗_rejected,驗_鏈,驗_宗序,驗_不可判輸入
628-36(1),628-36,R1,a,947.97,2893.55,87.31,33.15,1.7364,0.0,1.0,是,是,左側,33.25,17.52,98.75,17.56,575.73,575.73,17.56,left,幾何二分法,9,✅,0.3927,17.5,,不適用,—,—,—,—,不適用,575.73,—,—,—,—,合格,575.73,0.0,226.0114,226.0114,349.7186,保留,False,left,街角第1宗,—
628(5),628,R1,a,382.91,2893.55,87.31,33.15,1.7364,0.0,1.0,是,是,右側,33.27,7.02,55.8,7.45,227.74,227.73,7.45,right,幾何二分法,16,✅,0.4053,7.43,,不適用,—,—,—,—,不適用,227.73,—,—,—,—,合格,227.73,0.0,227.128484,227.128484,0.601516,保留,False,right,街角第1宗,—
628-34(3),628-34,R1,b,152.34,2893.55,87.31,33.15,2.0429,0.0,1.0,否,否,—,33.27,9.61,13.44,2.39,86.0,86.0,9.85,right,幾何二分法,16,✅,0.4355,2.38,⚠️移出/第1調配順位,不合格,3.5,14.0,,掃 364 個角度皆不可容納,合格,86.0,6.667126,79.332874,2.396671,2.79906,不適用,86.0,0.0,227.128484,—,—,剔除,True,right,第2宗,—
628-37(1),628-37,R1,a,350.76,2893.55,87.31,33.15,1.7364,0.0,1.0,否,否,—,33.27,16.12,25.54,6.53,216.34,216.34,16.38,right,幾何二分法,13,✅,0.3832,6.51,,合格,3.5,14.0,125.5,容納（命中角度 125.500000°）,不適用,216.34,—,—,—,—,不適用,216.34,0.0,227.128484,—,—,保留,False,right,其後,—
628-35(2),628-35,R1,b,1039.0,2893.55,87.31,33.15,2.0429,0.0,1.0,否,否,—,33.27,34.55,5.24,18.49,612.64,612.64,34.86,right,幾何二分法,17,✅,0.4104,18.43,,合格,3.5,14.0,0.0,容納（命中角度 0.000000°）,不適用,612.64,—,—,—,—,不適用,612.64,0.0,227.128484,—,—,保留,False,right,其後,—
R1-抵費地-1,—,R1,—,0.0,2893.55,87.31,33.15,0.0,0.0,0.0,—,—,—,0.0,0.0,0.0,0.0,1169.71,0.0,0.0,抵費地,幾何剩餘,0,🟡,0.0,,,,,,,,,,,,,,,,,,,,,,,,
R1-抵費地-2,—,R1,—,0.0,2893.55,87.31,33.15,0.0,0.0,0.0,—,—,—,0.0,0.0,0.0,0.0,5.38,0.0,0.0,抵費地,幾何剩餘,0,⚠️ < 最小分配,0.0,,,,,,,,,,,,,,,,,,,,,,,,
R1-抵費地-3,—,R1,—,0.0,2893.55,87.31,33.15,0.0,0.0,0.0,—,—,—,0.0,0.0,0.0,0.0,0.0,0.0,0.0,抵費地,幾何剩餘,0,⚠️ < 最小分配,0.0,,,,,,,,,,,,,,,,,,,,,,,,
628-42(1),628-42,R2,b,8.34,4368.6,100.03,44.47,1.8386,2.0,1.0,否,否,—,44.95,7.09,0.58,0.11,4.77,4.77,8.8,left,幾何二分法,18,✅,0.4281,0.11,⚠️移出/第1調配順位,不合格,3.5,14.0,,面積 < W×D（必要條件不成立）,不適用,4.77,—,—,—,—,不適用,4.77,0.0,308.1654,—,—,剔除,True,left,其後,—
628-41(1),628-41,R2,b,319.3,4368.6,100.03,44.47,1.8386,2.0,1.0,否,否,—,44.95,11.16,20.2,4.08,183.22,183.23,12.88,left,幾何二分法,18,✅,0.4262,4.07,,合格,3.5,14.0,41.5,容納（命中角度 41.500000°）,合格,183.23,76.108416,107.121584,4.084339,4.087351,不適用,183.23,0.0,308.1654,—,—,保留,False,left,第2宗,—
628-27(1),628-27,R2,b,51.32,4368.6,100.03,44.47,1.8386,2.0,1.0,否,否,—,44.95,11.82,2.83,0.66,29.62,29.61,13.54,left,幾何二分法,17,✅,0.423,0.66,⚠️移出/第1調配順位,不合格,3.5,14.0,,面積 < W×D（必要條件不成立）,不適用,29.61,—,—,—,—,不適用,29.61,0.0,308.1654,—,—,剔除,True,left,其後,—
628-40(1)+,628-40,R2,b,513.93,4368.6,100.03,44.47,1.8386,2.0,1.0,否,否,—,44.95,18.48,20.77,6.68,299.5,299.51,20.23,left,幾何二分法,17,✅,0.4172,6.66,,合格,3.5,14.0,30.0,容納（命中角度 30.000000°）,不適用,299.51,—,—,—,—,不適用,299.51,0.0,308.1654,—,—,保留,False,left,其後,—
628-30(2),628-30,R2,b,150.3,4368.6,100.03,44.47,1.8386,2.0,1.0,否,否,—,44.95,20.49,0.0,2.01,89.97,89.97,22.24,left,幾何二分法,15,✅,0.4014,2.0,⚠️移出/第1調配順位,不合格,3.5,14.0,,掃 363 個角度皆不可容納,不適用,89.97,—,—,—,—,不適用,89.97,0.0,308.1654,—,—,剔除,True,left,其後,—
628-39(1),628-39,R2,b,395.15,4368.6,100.03,44.47,1.8386,2.0,1.0,否,否,—,44.95,25.76,0.0,5.29,236.54,236.54,27.52,left,幾何二分法,17,✅,0.4014,5.28,,合格,3.5,14.0,36.5,容納（命中角度 36.500000°）,不適用,236.54,—,—,—,—,不適用,236.54,0.0,308.1654,—,—,保留,False,left,其後,—
628-31(2),628-31,R2,b,654.32,4368.6,100.03,44.47,1.8386,2.0,1.0,否,否,—,44.95,34.5,0.0,8.77,391.67,391.66,36.29,left,幾何二分法,14,✅,0.4014,8.75,,合格,3.5,14.0,20.5,容納（命中角度 20.500000°）,不適用,391.66,—,—,—,—,不適用,391.66,0.0,308.1654,—,—,保留,False,left,其後,—
628-35(1),628-35,R2,b,98.54,4368.6,100.03,44.47,1.8386,2.0,0.0,否,否,—,0.0,0.0,0.0,1.34,58.95,58.95,1.34,right,幾何二分法,16,✅,0.4018,1.34,⚠️移出/第1調配順位,不合格,3.5,14.0,,掃 365 個角度皆不可容納,不適用,58.95,—,—,—,—,不適用,58.95,0.0,—,—,—,剔除,True,right,其後,—
628-34(1),628-34,R2,b,722.28,4368.6,100.03,44.47,1.8386,2.0,0.0,否,否,—,0.0,0.0,0.0,9.8,432.11,432.11,11.14,right,幾何二分法,16,✅,0.4017,9.78,,合格,3.5,14.0,15.0,容納（命中角度 15.000000°）,不適用,432.11,—,—,—,—,不適用,432.11,0.0,—,—,—,保留,False,right,第2宗,—
628-49(1),628-49,R2,b,109.39,4368.6,100.03,44.47,1.8386,2.0,0.0,否,否,—,0.0,0.0,0.0,1.48,65.45,65.45,12.63,right,幾何二分法,13,✅,0.4017,1.48,⚠️移出/第1調配順位,不合格,3.5,14.0,,掃 363 個角度皆不可容納,不適用,65.45,—,—,—,—,不適用,65.45,0.0,—,—,—,剔除,True,right,其後,—
628-50(1),628-50,R2,b,246.0,4368.6,100.03,44.47,1.8386,2.0,0.0,否,否,—,0.0,0.0,0.0,3.33,147.18,147.18,15.96,right,幾何二分法,15,✅,0.4017,3.32,⚠️移出/第1調配順位,不合格,3.5,14.0,,掃 363 個角度皆不可容納,不適用,147.18,—,—,—,—,不適用,147.18,0.0,—,—,—,剔除,True,right,其後,—
628-51(1),628-51,R2,b,245.0,4368.6,100.03,44.47,1.8386,2.0,0.0,否,否,—,0.0,0.0,0.0,3.32,146.59,146.59,19.28,right,幾何二分法,17,✅,0.4017,3.31,⚠️移出/第1調配順位,不合格,3.5,14.0,,掃 363 個角度皆不可容納,不適用,146.59,—,—,—,—,不適用,146.59,0.0,—,—,—,剔除,True,right,其後,—
628-52(1),628-52,R2,b,119.66,4368.6,100.03,44.47,1.8386,2.0,0.0,否,否,—,0.0,0.0,0.0,1.62,71.59,71.6,20.9,right,幾何二分法,16,✅,0.4016,1.62,⚠️移出/第1調配順位,不合格,3.5,14.0,,掃 363 個角度皆不可容納,不適用,71.6,—,—,—,—,不適用,71.6,0.0,—,—,—,剔除,True,right,其後,—
628-32(2),628-32,R2,b,730.37,4368.6,100.03,44.47,1.8386,2.0,0.0,否,否,—,0.0,0.0,0.0,9.87,437.02,437.02,30.77,right,幾何二分法,17,✅,0.4016,9.85,,合格,3.5,14.0,14.5,容納（命中角度 14.500000°）,不適用,437.02,—,—,—,—,不適用,437.02,0.0,—,—,—,保留,False,right,其後,—
R2-抵費地-1,—,R2,—,0.0,4368.6,100.03,44.47,0.0,0.0,0.0,—,—,—,0.0,0.0,0.0,0.0,1466.26,0.0,0.0,抵費地,幾何剩餘,0,🟡,0.0,,,,,,,,,,,,,,,,,,,,,,,,
R2-抵費地-2,—,R2,—,0.0,4368.6,100.03,44.47,0.0,0.0,0.0,—,—,—,0.0,0.0,0.0,0.0,308.17,0.0,0.0,抵費地,幾何剩餘,0,🟡,0.0,,,,,,,,,,,,,,,,,,,,,,,,
628(1)+,628,R4,a,3186.36,3207.87,98.89,33.11,1.7364,0.0,1.0,是,是,左側,33.27,68.62,40.06,61.1,2023.34,2023.33,70.5,left,幾何二分法,17,✅,0.365,61.04,,不適用,—,—,—,—,不適用,2023.33,—,—,—,—,合格,2023.33,0.0,226.006436,226.006436,1797.323564,保留,False,left,街角第1宗,—
R4-抵費地-1,—,R4,—,0.0,3207.87,98.89,33.11,0.0,0.0,0.0,—,—,—,0.0,0.0,0.0,0.0,906.32,0.0,0.0,抵費地,幾何剩餘,0,🟡,0.0,,,,,,,,,,,,,,,,,,,,,,,,
R4-抵費地-2,—,R4,—,0.0,3207.87,98.89,33.11,0.0,0.0,0.0,—,—,—,0.0,0.0,0.0,0.0,226.01,0.0,0.0,抵費地,幾何剩餘,0,🟡,0.0,,,,,,,,,,,,,,,,,,,,,,,,
R4-抵費地-3,—,R4,—,0.0,3207.87,98.89,33.11,0.0,0.0,0.0,—,—,—,0.0,0.0,0.0,0.0,26.11,0.0,0.0,抵費地,幾何剩餘,0,⚠️ < 最小分配,0.0,,,,,,,,,,,,,,,,,,,,,,,,
R4-抵費地-4,—,R4,—,0.0,3207.87,98.89,33.11,0.0,0.0,0.0,—,—,—,0.0,0.0,0.0,0.0,26.08,0.0,0.0,抵費地,幾何剩餘,0,⚠️ < 最小分配,0.0,,,,,,,,,,,,,,,,,,,,,,,,
628(2)+,628,R6,a,238.9,3976.3,85.85,45.51,1.5628,2.0,0.0,否,否,—,0.0,0.0,0.0,3.23,153.18,153.19,3.23,left,幾何二分法,17,✅,0.3588,3.22,⚠️移出/第1調配順位,不合格,3.5,14.0,,掃 364 個角度皆不可容納,不適用,153.19,—,—,—,—,不適用,153.19,0.0,—,—,—,剔除,True,left,其後,—
628-4(1),628-4,R6,b,1154.0,3976.3,85.85,45.51,1.8386,2.0,0.0,否,否,—,0.0,0.0,0.0,14.73,692.09,692.09,17.96,left,幾何二分法,17,✅,0.4003,14.68,,合格,3.5,14.0,0.0,容納（命中角度 0.000000°）,不適用,692.09,—,—,—,—,不適用,692.09,0.0,—,—,—,保留,False,left,第2宗,—
628-23(1)+,628-23,R6,b,723.48,3976.3,85.85,45.51,1.8386,2.0,0.0,否,否,—,0.0,0.0,0.0,9.35,433.68,433.68,27.3,left,幾何二分法,15,✅,0.4006,9.32,,合格,3.5,14.0,22.0,容納（命中角度 22.000000°）,不適用,433.68,—,—,—,—,不適用,433.68,0.0,—,—,—,保留,False,left,其後,—
628-18(1),628-18,R6,b,551.09,3976.3,85.85,45.51,1.8386,2.0,1.0,是,是,右側,43.38,7.2,56.77,7.22,307.79,307.78,7.22,right,幾何二分法,17,✅,0.4415,7.2,,不適用,—,—,—,—,不適用,307.78,—,—,—,—,合格,307.78,0.0,299.134509,299.134509,8.645491,保留,False,right,街角第1宗,—
628-53(1),628-53,R6,b,0.44,3976.3,85.85,45.51,1.8386,2.0,1.0,否,否,—,43.38,7.2,0.02,0.01,0.26,0.26,7.23,right,幾何二分法,17,✅,0.4091,0.01,⚠️移出/第1調配順位,不合格,3.5,14.0,,面積 < W×D（必要條件不成立）,合格,0.26,4.5e-05,0.259955,0.00787,0.007858,不適用,0.26,0.0,299.134509,—,—,剔除,True,right,第2宗,—
628-38(1),628-38,R6,b,205.6,3976.3,85.85,45.51,1.8386,2.0,1.0,否,否,—,43.38,9.89,13.8,2.7,117.73,117.73,9.92,right,幾何二分法,17,✅,0.4274,2.69,⚠️移出/第1調配順位,不合格,3.5,14.0,,掃 364 個角度皆不可容納,不適用,117.73,—,—,—,—,不適用,117.73,0.0,299.134509,—,—,剔除,True,right,其後,—
628-7(1),628-7,R6,b,522.97,3976.3,85.85,45.51,1.8386,2.0,1.0,否,否,—,43.38,16.77,26.13,6.9,302.94,302.93,16.82,right,幾何二分法,15,✅,0.4208,6.88,,合格,3.5,14.0,33.5,容納（命中角度 33.500000°）,不適用,302.93,—,—,—,—,不適用,302.93,0.0,299.134509,—,—,保留,False,right,其後,—
628-20(1),628-20,R6,b,570.15,3976.3,85.85,45.51,1.8386,2.0,1.0,否,否,—,43.38,24.42,3.29,7.68,339.92,339.91,24.5,right,幾何二分法,15,✅,0.4038,7.66,,合格,3.5,14.0,30.0,容納（命中角度 30.000000°）,不適用,339.91,—,—,—,—,不適用,339.91,0.0,299.134509,—,—,保留,False,right,其後,—
R6-抵費地-1,—,R6,—,0.0,3976.3,85.85,45.51,0.0,0.0,0.0,—,—,—,0.0,0.0,0.0,0.0,1543.01,0.0,0.0,抵費地,幾何剩餘,0,🟡,0.0,,,,,,,,,,,,,,,,,,,,,,,,
R6-抵費地-2,—,R6,—,0.0,3976.3,85.85,45.51,0.0,0.0,0.0,—,—,—,0.0,0.0,0.0,0.0,85.71,0.0,0.0,抵費地,幾何剩餘,0,🟡,0.0,,,,,,,,,,,,,,,,,,,,,,,,
628-45(1)+,628-45,R5,b,634.4,4150.21,92.8,45.71,1.9407,2.0,1.0,是,是,左側,43.53,8.06,61.4,8.06,346.17,346.18,11.38,left,幾何二分法,17,✅,0.4543,8.03,,不適用,—,—,—,—,不適用,346.18,—,—,—,—,合格,346.18,0.0,299.730991,299.730991,46.449009,保留,False,left,街角第1宗,—
628-18(2),628-18,R5,b,381.09,4150.21,92.8,45.71,1.9407,2.0,1.0,否,否,—,43.53,16.02,33.05,6.35,206.72,206.72,17.74,left,幾何二分法,18,✅,0.4576,6.32,,合格,3.5,14.0,36.0,容納（命中角度 36.000000°）,合格,206.72,72.793071,133.926929,6.356177,3.010982,不適用,206.72,0.0,299.730991,—,—,保留,False,left,第2宗,—
628-7(2),628-7,R5,b,436.69,4150.21,92.8,45.71,1.9407,2.0,1.0,否,否,—,43.53,21.69,5.54,5.7,252.56,252.55,23.43,left,幾何二分法,16,✅,0.4217,5.68,,合格,3.5,14.0,34.5,容納（命中角度 34.500000°）,不適用,252.55,—,—,—,—,不適用,252.55,0.0,299.730991,—,—,保留,False,left,其後,—
628-31(1),628-31,R5,b,18.34,4150.21,92.8,45.71,1.9407,2.0,1.0,否,否,—,43.53,21.93,0.0,0.24,10.69,10.7,23.67,left,幾何二分法,16,✅,0.4166,0.24,⚠️移出/第1調配順位,不合格,3.5,14.0,,面積 < W×D（必要條件不成立）,不適用,10.7,—,—,—,—,不適用,10.7,0.0,299.730991,—,—,剔除,True,left,其後,—
628-32(1),628-32,R5,b,5.39,4150.21,92.8,45.71,1.9407,2.0,1.0,否,否,—,43.53,22.0,0.0,0.07,3.14,3.14,23.74,left,幾何二分法,16,✅,0.4174,0.07,⚠️移出/第1調配順位,不合格,3.5,14.0,,面積 < W×D（必要條件不成立）,不適用,3.14,—,—,—,—,不適用,3.14,0.0,299.730991,—,—,剔除,True,left,其後,—
628(3),628,R5,a,236.68,4150.21,92.8,45.71,1.6496,2.0,0.0,否,否,—,0.0,0.0,0.0,3.12,148.72,148.72,3.12,right,幾何二分法,17,✅,0.3716,3.11,⚠️移出/第1調配順位,不合格,3.5,14.0,,掃 364 個角度皆不可容納,不適用,148.72,—,—,—,—,不適用,148.72,0.0,—,—,—,剔除,True,right,其後,—
628-21(2)+,628-21,R5,b,2421.73,4150.21,92.8,45.71,1.9407,2.0,0.0,否,否,—,0.0,0.0,0.0,30.18,1415.25,1415.25,33.3,right,幾何二分法,12,✅,0.4156,30.05,,合格,3.5,14.0,0.0,容納（命中角度 0.000000°）,不適用,1415.25,—,—,—,—,不適用,1415.25,0.0,—,—,—,保留,False,right,第2宗,—
R5-抵費地-1,—,R5,—,0.0,4150.21,92.8,45.71,0.0,0.0,0.0,—,—,—,0.0,0.0,0.0,0.0,1620.79,0.0,0.0,抵費地,幾何剩餘,0,🟡,0.0,,,,,,,,,,,,,,,,,,,,,,,,
R5-抵費地-2,—,R5,—,0.0,4150.21,92.8,45.71,0.0,0.0,0.0,—,—,—,0.0,0.0,0.0,0.0,146.18,0.0,0.0,抵費地,幾何剩餘,0,🟡,0.0,,,,,,,,,,,,,,,,,,,,,,,,
628(4),628,R3,a,71.69,4206.8,93.41,44.34,1.6496,2.0,0.0,否,否,—,0.0,0.0,0.0,1.03,44.89,44.9,1.03,left,幾何二分法,18,✅,0.3737,1.03,⚠️移出/第1調配順位,不合格,3.5,14.0,,面積 < W×D（必要條件不成立）,不適用,44.9,—,—,—,—,不適用,44.9,0.0,—,—,—,剔除,True,left,其後,—
628-34(2),628-34,R3,b,429.35,4206.8,93.41,44.34,1.9407,2.0,0.0,否,否,—,0.0,0.0,0.0,5.72,250.25,250.25,6.74,left,幾何二分法,18,✅,0.4171,5.7,,合格,3.5,14.0,34.5,容納（命中角度 34.500000°）,不適用,250.25,—,—,—,—,不適用,250.25,0.0,—,—,—,保留,False,left,第2宗,—
628-46(1),628-46,R3,b,124.85,4206.8,93.41,44.34,1.9407,2.0,0.0,否,否,—,0.0,0.0,0.0,1.66,72.78,72.77,8.4,left,幾何二分法,13,✅,0.4171,1.65,⚠️移出/第1調配順位,不合格,3.5,14.0,,掃 363 個角度皆不可容納,不適用,72.77,—,—,—,—,不適用,72.77,0.0,—,—,—,剔除,True,left,其後,—
628-47(1)+,628-47,R3,b,627.61,4206.8,93.41,44.34,1.9407,2.0,0.0,否,否,—,0.0,0.0,0.0,8.34,365.84,365.84,16.74,left,幾何二分法,17,✅,0.4171,8.3,,合格,3.5,14.0,22.5,容納（命中角度 22.500000°）,不適用,365.84,—,—,—,—,不適用,365.84,0.0,—,—,—,保留,False,left,其後,—
628-32(3),628-32,R3,b,722.88,4206.8,93.41,44.34,1.9407,2.0,0.0,否,否,—,0.0,0.0,0.0,9.58,421.41,421.41,26.32,left,幾何二分法,15,✅,0.417,9.54,,合格,3.5,14.0,16.5,容納（命中角度 16.500000°）,不適用,421.41,—,—,—,—,不適用,421.41,0.0,—,—,—,保留,False,left,其後,—
628-30(3)+,628-30,R3,b,1145.67,4206.8,93.41,44.34,1.9407,2.0,1.0,是,是,右側,44.9,14.14,88.3,17.54,627.57,627.57,17.54,right,幾何二分法,13,✅,0.4522,17.47,,不適用,—,—,—,—,不適用,627.57,—,—,—,—,合格,627.57,0.0,307.793779,307.793779,319.776221,保留,False,right,街角第1宗,—
628-42(2),628-42,R3,b,153.46,4206.8,93.41,44.34,1.9407,2.0,1.0,否,否,—,44.9,16.1,6.4,0.32,89.97,89.96,17.86,right,幾何二分法,17,✅,0.4138,0.32,⚠️移出/第1調配順位,不合格,3.5,14.0,,掃 364 個角度皆不可容納,合格,89.96,75.918289,14.041711,0.32309,3.704416,不適用,89.96,0.0,307.793779,—,—,剔除,True,right,第2宗,—
628-27(2),628-27,R3,b,46.68,4206.8,93.41,44.34,1.9407,2.0,1.0,否,否,—,44.9,16.69,1.76,0.59,26.54,26.54,18.46,right,幾何二分法,14,✅,0.4314,0.59,⚠️移出/第1調配順位,不合格,3.5,14.0,,面積 < W×D（必要條件不成立）,不適用,26.54,—,—,—,—,不適用,26.54,0.0,307.793779,—,—,剔除,True,right,其後,—
628-29(1)+,628-29,R3,b,228.0,4206.8,93.41,44.34,1.9407,2.0,1.0,否,否,—,44.9,19.62,3.53,2.95,131.61,131.61,21.41,right,幾何二分法,16,✅,0.4228,2.94,⚠️移出/第1調配順位,不合格,3.5,14.0,,掃 363 個角度皆不可容納,不適用,131.61,—,—,—,—,不適用,131.61,0.0,307.793779,—,—,剔除,True,right,其後,—
628-31(3),628-31,R3,b,652.89,4206.8,93.41,44.34,1.9407,2.0,1.0,否,否,—,44.9,28.13,0.0,8.54,380.81,380.81,29.95,right,幾何二分法,17,✅,0.4167,8.5,,合格,3.5,14.0,21.5,容納（命中角度 21.500000°）,不適用,380.81,—,—,—,—,不適用,380.81,0.0,307.793779,—,—,保留,False,right,其後,—
R3-抵費地,—,R3,—,0.0,4206.8,93.41,44.34,0.0,0.0,0.0,—,—,—,0.0,0.0,0.0,0.0,1795.13,0.0,0.0,抵費地,幾何剩餘,0,🟡,0.0,,,,,,,,,,,,,,,,,,,,,,,,
